"from","to"
"1","2"
"1","10"
"2","1"
"2","10"
"3","7"
"4","7"
"4","211"
"5","134"
"6","152"
"7","3"
"7","4"
"7","9"
"8","107"
"8","117"
"9","1"
"9","2"
"9","7"
"10","1"
"10","2"
"11","135"
"11","220"
"12","89"
"13","216"
"14","24"
"14","52"
"16","10"
"16","19"
"17","64"
"17","79"
"18","55"
"18","104"
"18","165"
"19","18"
"20","64"
"20","182"
"21","16"
"21","22"
"22","21"
"22","64"
"22","107"
"23","20"
"23","22"
"23","64"
"24","14"
"24","31"
"24","124"
"27","117"
"28","29"
"29","28"
"30","19"
"31","24"
"31","32"
"31","124"
"31","149"
"31","235"
"32","31"
"32","87"
"34","35"
"34","37"
"35","34"
"35","43"
"36","134"
"36","189"
"37","38"
"37","91"
"37","287"
"38","42"
"38","43"
"38","212"
"40","20"
"42","15"
"42","38"
"43","34"
"43","35"
"43","38"
"45","108"
"46","61"
"46","72"
"48","23"
"49","30"
"49","64"
"49","109"
"49","117"
"49","245"
"50","30"
"50","47"
"50","55"
"50","127"
"50","165"
"52","220"
"52","226"
"54","113"
"54","212"
"55","65"
"55","67"
"55","106"
"55","109"
"55","224"
"56","18"
"56","64"
"57","65"
"57","127"
"58","20"
"58","30"
"58","50"
"58","104"
"58","182"
"59","166"
"63","127"
"64","8"
"64","50"
"64","70"
"64","258"
"66","20"
"66","85"
"66","107"
"66","127"
"67","22"
"67","50"
"67","115"
"68","50"
"70","50"
"70","64"
"71","72"
"74","29"
"74","75"
"74","217"
"75","74"
"75","217"
"77","58"
"77","105"
"78","104"
"79","64"
"79","68"
"81","209"
"81","212"
"83","8"
"83","78"
"83","84"
"83","98"
"83","165"
"84","83"
"84","228"
"84","245"
"85","29"
"85","156"
"88","102"
"88","191"
"90","91"
"91","90"
"91","95"
"92","87"
"93","19"
"93","30"
"93","107"
"95","72"
"95","90"
"95","91"
"96","30"
"97","75"
"97","258"
"98","81"
"98","130"
"99","87"
"101","87"
"102","88"
"104","78"
"104","105"
"105","58"
"105","78"
"105","104"
"107","22"
"108","38"
"108","116"
"108","124"
"109","49"
"109","55"
"113","123"
"113","130"
"113","212"
"115","255"
"116","108"
"118","30"
"118","142"
"120","131"
"120","140"
"122","89"
"123","130"
"124","31"
"125","32"
"126","246"
"127","134"
"128","165"
"128","182"
"130","38"
"130","113"
"131","120"
"134","29"
"134","30"
"135","30"
"136","137"
"136","152"
"137","136"
"139","146"
"140","120"
"140","131"
"141","144"
"143","159"
"143","165"
"144","141"
"145","2"
"146","139"
"147","153"
"148","139"
"148","167"
"148","171"
"148","173"
"149","31"
"149","130"
"150","148"
"150","171"
"150","173"
"150","287"
"151","130"
"151","150"
"151","174"
"152","87"
"153","147"
"154","4"
"155","136"
"156","157"
"158","163"
"159","143"
"163","158"
"167","146"
"167","150"
"169","151"
"171","15"
"171","150"
"171","173"
"172","117"
"172","175"
"172","185"
"172","204"
"173","72"
"173","150"
"173","171"
"175","172"
"177","101"
"178","10"
"180","183"
"183","180"
"184","38"
"184","173"
"185","97"
"187","50"
"188","129"
"189","50"
"189","65"
"190","30"
"190","50"
"191","88"
"191","90"
"192","35"
"192","38"
"192","124"
"192","184"
"193","54"
"193","120"
"193","131"
"193","174"
"194","151"
"194","169"
"197","75"
"199","50"
"199","190"
"200","220"
"200","223"
"200","224"
"202","65"
"202","222"
"203","115"
"204","158"
"205","234"
"206","196"
"209","38"
"209","124"
"209","126"
"210","30"
"210","50"
"212","38"
"212","209"
"213","37"
"215","35"
"215","38"
"216","13"
"216","14"
"216","173"
"216","215"
"217","75"
"219","39"
"220","68"
"220","224"
"223","200"
"224","200"
"224","220"
"225","39"
"227","3"
"228","22"
"231","65"
"232","68"
"233","43"
"234","96"
"234","205"
"235","100"
"236","68"
"236","232"
"239","246"
"240","147"
"244","3"
"244","115"
"246","239"
"251","97"
"252","158"
"254","65"
"256","65"
"260","115"
"273","4"
"275","185"
"277","6"
"280","97"
"285","185"
"285","208"
"287","37"
"290","75"
"295","290"
"298","295"
